etf_code,etf_name
SZSE.159327,万家中证半导体材料设备主题ETF
SZSE.159115,华安中证AAA科技创新公司债ETF
SZSE.159662,南方国证交通运输行业ETF
SZSE.150158,信诚中证800金融指数分级B
SZSE.159221,嘉实国证自由现金流ETF
SZSE.150328,工银中证新能源指数分级B
SZSE.159529,景顺长城标普消费精选ETF(QDII)
SZSE.159800,鹏华中证800ETF
SZSE.159677,银华中证1000增强策略ETF
SZSE.159611,广发中证全指电力公用事业ETF
SZSE.159315,工银瑞信中证沪深港黄金产业股票ETF
SZSE.159613,嘉实中证信息安全主题ETF
SZSE.159290,西藏东财创业板综合增强策略ETF
SZSE.159683,嘉实中证内地运输主题ETF
SZSE.159730,博时国证龙头家电ETF
SZSE.159736,天弘中证食品饮料ETF
SZSE.159837,易方达中证生物科技主题ETF
SZSE.159226,国泰中证A500增强策略ETF
SZSE.159205,西藏东财创业板ETF
SZSE.159905,工银深证红利ETF
SZSE.150137,安信宝利分级债券B
SZSE.159780,南方中证科创创业50ETF
SZSE.159232,南方中证全指自由现金流ETF
SZSE.159916,建信深证基本面60ETF
SZSE.150122,银河沪深300成长分级B
SZSE.159811,博时中证5G产业50ETF
SZSE.159738,华泰柏瑞中证沪港深云计算产业ETF
SZSE.159139,华泰柏瑞中证科创创业人工智能ETF
SZSE.159758,华夏中证红利质量ETF
SZSE.150061,鹏华丰泽分级债券B
SZSE.150107,易方达中小板指数分级B
SZSE.150046,天弘丰利分级债券B
SZSE.159207,广发中证智选高股息策略ETF
SZSE.150151,信诚中证800有色指数分级B
SZSE.150028,信诚中证500指数分级A
SZSE.150002,大成优选
SZSE.150270,招商中证白酒指数分级B
SZSE.159966,华夏创业板低波价值ETF
SZSE.150123,建信央视50A
SZSE.159919,嘉实沪深300ETF
SZSE.159803,易方达中证浙江新动能ETF(QDII)
SZSE.159959,银华中证央企结构调整ETF
SZSE.159589,广发中证红利ETF
SZSE.159735,银华中证港股通消费主题ETF
SZSE.159619,国泰中证基建ETF
SZSE.159934,易方达黄金ETF
SZSE.159676,富国创业板增强策略ETF
SZSE.159515,鹏扬中证国有企业红利ETF
SZSE.159655,华夏标普500ETF(QDII)
SZSE.159113,大成中证AAA科技创新公司债ETF
SZSE.159358,大成中证A500ETF
SZSE.159203,博时国证大盘成长ETF
SZSE.150282,长盛中证金融地产指数分级B
SZSE.159918,嘉实中创400ETF
SZSE.159908,博时创业板ETF
SZSE.159618,华安中证光伏产业ETF
SZSE.159111,天弘中证AAA科技创新公司债ETF
SZSE.159687,南方基金南方东英富时亚太低碳精选ETF(QDII)
SZSE.159546,国泰中证全指集成电路ETF
SZSE.159200,富国中证AAA科技创新公司债ETF
SZSE.159269,南方中证港股通科技ETF
SZSE.159242,大成创业板人工智能ETF
SZSE.159994,银华中证5G通信主题ETF
SZSE.159967,华夏创成长ETF
SZSE.159109,景顺长城恒生港股通50ETF
SZSE.159132,富国恒生生物科技ETF
SZSE.159235,大成中证全指自由现金流ETF
SZSE.150053,泰达稳健
SZSE.159275,华宝中证全指农牧渔ETF
SZSE.159602,南方MSCI中国A50互联互通ETF
SZSE.150077,浙商沪深300指数分级进取
SZSE.159155,大成中证电池主题ETF
SZSE.150003,建信优势
SZSE.150085,申万菱信中小板指数分级A
SZSE.159633,易方达中证1000ETF
SZSE.159397,广发深证基准做市信用债ETF
SZSE.159732,华夏国证消费电子主题ETF
SZSE.159587,广发国证粮食产业ETF
SZSE.159819,易方达中证人工智能主题ETF
SZSE.159840,工银瑞信国证新能源车电池ETF
SZSE.159248,万家中证人工智能主题ETF
SZSE.159143,平安恒生中国央企红利ETF
SZSE.150196,国泰国证有色金属行业指数分级A
SZSE.159672,博时主要消费ETF
SZSE.159791,华夏沪深300ESG基准ETF
SZSE.159757,景顺长城国证新能源车电池ETF
SZSE.159390,国联中证A50ETF
SZSE.159956,建信创业板ETF
SZSE.150308,富国中证体育产业指数分级B
SZSE.150277,鹏华高铁分级A
SZSE.159821,中银证券创业板ETF
SZSE.150305,国寿安保中证养老产业指数分级A
SZSE.150120,东吴鼎利分级债券B
SZSE.159836,天弘创业板300ETF
SZSE.159383,华泰柏瑞创业板50ETF
SZSE.159656,万家沪深300成长ETF
SZSE.159233,平安中证全指自由现金流ETF
SZSE.159298,大成创业板50ETF
SZSE.159891,建信中证全指医疗保健设备与服务ETF
SZSE.150297,南方中证互联网指数分级A
SZSE.159119,招商中证800自由现金流ETF
SZSE.159867,鹏华中证畜牧养殖ETF
SZSE.159851,华宝中证金融科技主题ETF
SZSE.159850,华夏恒生中国企业ETF(QDII)
SZSE.150192,鹏华地产分级A
SZSE.150138,银华中证800分级A
SZSE.159255,易方达国证通用航空产业ETF
SZSE.159329,南方基金南方东英沙特阿拉伯ETF(QDII)
SZSE.159786,银华中证虚拟现实主题ETF
SZSE.150238,鹏华环保分级B
SZSE.159925,南方沪深300ETF
SZSE.159502,嘉实标普生物科技精选行业ETF(QDII)
SZSE.150143,银华中证转债指数增强分级A
SZSE.159527,广发中证云计算与大数据ETF
SZSE.159880,鹏华国证有色金属行业ETF
SZSE.159563,华夏创业板综合ETF
SZSE.159986,弘毅远方国证消费100ETF
SZSE.150133,德邦德信中高企债指数分级A
SZSE.150130,国泰国证医药卫生行业指数分级A
SZSE.150033,嘉实多利分级债券进取
SZSE.159902,华夏中小企业100ETF
SZSE.159942,华润元大中创100ETF
SZSE.159721,永赢深证100ETF
SZSE.159138,易方达中证工程机械主题ETF
SZSE.150250,招商中证银行指数分级B
SZSE.159833,大成上海金ETF
SZSE.159789,建信中证饮料主题ETF
SZSE.159545,易方达恒生港股通高股息低波动ETF
SZSE.159350,富国深证50ETF
SZSE.150321,富国中证煤炭指数分级A
SZSE.150034,泰达宏利聚利A
SZSE.150217,交银国证新能源指数分级A
SZSE.159822,银华工银南方东英标普中国新经济行业ETF(QDII)
SZSE.150036,建信稳健
SZSE.150324,工银中证环保产业指数分级B
SZSE.159528,富国中证国有企业改革ETF
SZSE.159303,大成恒生医疗保健ETF(QDII)
SZSE.150206,鹏华中证国防指数分级B
SZSE.159291,招商创业板综合增强策略ETF
SZSE.159745,国泰中证全指建筑材料ETF
SZSE.159555,银华中证2000增强策略ETF
SZSE.150075,诺安中证创业成长指数进取
SZSE.159518,嘉实标普石油天然气勘探及生产精选行业ETF(QDII)
SZSE.150136,国富中证100指数增强分级B
SZSE.150037,建信进取
SZSE.159707,华宝中证800地产ETF
SZSE.159131,华宝中证港股通信息技术综合ETF
SZSE.159373,嘉实创业板50ETF
SZSE.150142,汇添富互利分级债券B
SZSE.159339,银华中证A500ETF
SZSE.150023,申万菱信深证成指分级进取
SZSE.159951,嘉实中关村A股ETF
SZSE.150017,兴全合润分级混合B
SZSE.159355,华宝中证800红利低波动ETF
SZSE.159689,南方中证主要消费ETF
SZSE.159106,前海开源中证民企300ETF
SZSE.159698,鹏华国证粮食产业ETF
SZSE.150191,新华中证环保产业指数分级B
SZSE.150245,鹏华互联网分级A
SZSE.159907,广发国证2000ETF
SZSE.150180,鹏华信息分级B
SZSE.159703,天弘中证新材料主题ETF
SZSE.150140,国金沪深300指数分级A
SZSE.159783,华夏中证科创创业50ETF
SZSE.150208,招商沪深300地产等权重指数分级B
SZSE.159877,南方中证全指医疗保健设备与服务ETF
SZSE.159695,嘉实国证通信ETF
SZSE.159361,易方达中证A500ETF
SZSE.159586,南方中证全指计算机ETF
SZSE.159857,天弘中证光伏产业ETF
SZSE.159748,富国中证沪港深创新药产业ETF
SZSE.159863,鹏华中证光伏产业ETF
SZSE.159981,建信能源化工期货ETF
SZSE.159750,招商中证香港科技ETF(QDII)
SZSE.159393,万家沪深300ETF
SZSE.159122,富国创业板新能源ETF
SZSE.150018,银华稳进
SZSE.159710,建信中证智能电动汽车ETF
SZSE.159285,华安国证港股通消费主题ETF
SZSE.150335,融通军工分级A
SZSE.159717,鹏华国证ESG300ETF
SZSE.159263,易方达国证价值100ETF
SZSE.150039,中欧鼎利分级债券A
SZSE.159323,华夏中证港股通汽车产业主题ETF
SZSE.159503,鹏扬国证财富管理ETF
SZSE.150043,博时裕祥分级债券B
SZSE.150255,易方达银行分级A
SZSE.159568,博时港股通互联网ETF
SZSE.150213,国投瑞银中证创业指数分级A
SZSE.159388,国泰创业板人工智能ETF
SZSE.159864,国泰中证光伏产业ETF
SZSE.159208,万家国证航天航空行业ETF
SZSE.159820,天弘中证500ETF
SZSE.159906,大成深证成长40ETF
SZSE.150294,南方中证高铁产业指数分级B
SZSE.159680,招商中证1000增强策略ETF
SZSE.159258,南方中证机器人ETF
SZSE.159211,富国深证100ETF
SZSE.159954,南方恒生中国企业ETF
SZSE.159798,易方达中证消费50ETF
SZSE.159859,天弘国证生物医药ETF
SZSE.159926,嘉实中证中期国债ETF
SZSE.150200,招商中证全指证券公司指数分级A
SZSE.159885,鹏华中证内地低碳经济主题ETF
SZSE.159940,广发中证全指金融地产ETF
SZSE.159897,建信中证物联网主题ETF
SZSE.159948,南方创业板ETF
SZSE.159828,国泰中证医疗ETF
SZSE.150048,银华消费B
SZSE.159691,工银瑞信中证港股通高股息精选ETF
SZSE.159333,万家中证港股通央企红利ETF
SZSE.159202,万家恒生互联网科技业ETF(QDII)
SZSE.150013,国联安双禧B中证100指数
SZSE.150322,富国中证煤炭指数分级B
SZSE.150281,长盛中证金融地产指数分级A
SZSE.159389,嘉实中证诚通国企数字经济ETF
SZSE.159631,招商中证A100ETF
SZSE.150102,长信利众分级债券B
SZSE.150091,万家中证创业成长指数分级B
SZSE.150051,信诚沪深300指数分级A
SZSE.159525,富国中证红利低波动ETF
SZSE.159229,广发中证800自由现金流ETF
SZSE.159669,国泰国证绿色电力ETF
SZSE.150007,长盛同庆B
SZSE.159571,富国创业板中盘200ETF
SZSE.150296,南方中证国有企业改革指数分级B
SZSE.159539,广发国证信创ETF
SZSE.159322,平安中证沪深港黄金产业ETF
SZSE.159293,建信创业板综合增强策略ETF
SZSE.159399,国泰富时中国A股自由现金流聚焦ETF
SZSE.150135,国富中证100指数增强分级A
SZSE.150279,鹏华新能源分级A
SZSE.150215,国泰深证TMT50指数分级A
SZSE.150174,信诚中证TMT产业主题指数分级B
SZSE.159117,鹏华港股通低波红利ETF
SZSE.159276,汇添富国证自由现金流ETF
SZSE.150247,工银中证传媒指数分级A
SZSE.159719,平安富时中国国企开放共赢ETF
SZSE.159650,博时中债0-3年国开行ETF
SZSE.159790,华夏中证内地低碳经济主题ETF
SZSE.150086,申万菱信中小板指数分级B
SZSE.150170,汇添富恒生指数分级B(QDII)
SZSE.159639,南方中证上海环交所碳中和ETF
SZSE.159881,国泰中证有色金属ETF
SZSE.159711,华夏中证港股通50ETF
SZSE.159640,工银瑞信中证上海环交所碳中和ETF
SZSE.159952,广发创业板ETF
SZSE.159927,鹏华沪深300ETF
SZSE.159559,景顺长城国证机器人产业ETF
SZSE.159933,国投瑞银金融地产ETF
SZSE.159957,华夏创业板ETF
SZSE.159520,工银中证消费龙头ETF
SZSE.150216,国泰深证TMT50指数分级B
SZSE.159917,国泰中小板300成长ETF
SZSE.159215,平安中证A500ETF
SZSE.159920,华夏恒生ETF(QDII)
SZSE.150310,信诚中证信息安全指数分级B
SZSE.159977,天弘创业板ETF
SZSE.159814,西部利得创业板大盘ETF
SZSE.159652,汇添富中证细分有色金属产业主题ETF
SZSE.159637,东财中证新能源车龙头ETF
SZSE.150251,招商中证煤炭等权指数分级A
SZSE.159685,天弘中证1000增强策略ETF
SZSE.150188,招商可转债分级债券A
SZSE.159609,浦银安盛中证光伏产业ETF
SZSE.159547,华夏中证红利低波动ETF
SZSE.150266,中融一带一路分级B
SZSE.150095,泰信基本面400B
SZSE.159723,汇添富中证沪港深科技龙头ETF
SZSE.159999,永赢中证500ETF
SZSE.159755,广发国证新能源车电池ETF
SZSE.159625,嘉实国证绿色电力ETF
SZSE.159675,嘉实创业板增强策略ETF
SZSE.159741,嘉实恒生科技ETF(QDII)
SZSE.150035,泰达宏利聚利B
SZSE.159105,易方达恒生生物科技ETF
SZSE.159297,南方国证港股通创新药ETF
SZSE.159923,大成中证A100ETF
SZSE.150187,申万菱信中证军工指数分级B
SZSE.150293,南方中证高铁产业指数分级A
SZSE.159516,国泰中证半导体材料设备主题ETF
SZSE.150189,招商可转债分级债券B
SZSE.159823,嘉实H股50ETF(QDII)
SZSE.159725,工银瑞信中证线上消费ETF
SZSE.150185,申万菱信中证环保产业指数分级B
SZSE.159292,华宝创业板综合增强策略ETF
SZSE.159218,招商中证卫星产业ETF
SZSE.150105,华安沪深300指数分级B
SZSE.159575,银华创业板中盘200ETF
SZSE.150088,金鹰中证500指数分级A
SZSE.159330,东财沪深300ETF
SZSE.159915,易方达创业板ETF
SZSE.150062,浦银安盛增利分级债券A
SZSE.159272,富国国证机器人产业ETF
SZSE.159573,华夏创业板中盘200ETF
SZSE.150127,招商双债增强分级债券B
SZSE.150106,易方达中小板指数分级A
SZSE.159665,工银瑞信国证半导体芯片ETF
SZSE.159657,鹏华国证疫苗与生物科技ETF
SZSE.159797,汇添富中证全指医疗器械ETF
SZSE.150194,富国中证移动互联网指数分级A
SZSE.159848,国联安中证全指证券公司ETF
SZSE.159100,华夏布拉德斯科巴西伊博维斯帕ETF(QDII)
SZSE.159990,银华巨潮小盘价值ETF
SZSE.159769,银华中证消费电子主题ETF
SZSE.159945,广发中证全指能源ETF
SZSE.159540,易方达国证信息技术创新主题ETF
SZSE.159804,国寿安保创精选88ETF
SZSE.159991,招商创业板大盘ETF
SZSE.159607,嘉实中证海外中国互联网30ETF(QDII)
SZSE.159621,国泰MSCI中国A股ESG通用ETF
SZSE.150221,前海开源中航军工A
SZSE.150236,鹏华证券分级B
SZSE.159996,国泰中证全指家用电器ETF
SZSE.150267,博时中证银行指数分级A
SZSE.159643,国泰国证疫苗与生物科技ETF
SZSE.159949,华安创业板50ETF
SZSE.159972,鹏华中证5年期地方政府债ETF
SZSE.159688,华安恒生互联网科技业ETF(QDII)
SZSE.159590,汇添富中证全指软件ETF
SZSE.159140,易方达中证科创创业人工智能ETF
SZSE.159969,银华深证100ETF
SZSE.150288,中融国证钢铁行业指数分级B
SZSE.150309,信诚中证信息安全指数分级A
SZSE.150246,鹏华互联网分级B
SZSE.159351,嘉实中证A500ETF
SZSE.159600,嘉实中证AAA科技创新公司债ETF
SZSE.159296,华宝中证A500红利低波动ETF
SZSE.150019,银华锐进
SZSE.150032,嘉实多利分级债券优先
SZSE.159141,永赢中证科创创业人工智能ETF
SZSE.150227,鹏华银行分级A
SZSE.159331,国泰中证港股通高股息投资ETF
SZSE.150040,中欧鼎利分级债券B
SZSE.159565,易方达中证汽车零部件主题ETF
SZSE.159936,广发中证全指可选消费ETF
SZSE.159279,华安创业板人工智能ETF
SZSE.150199,国泰国证食品饮料行业指数分级B
SZSE.150323,工银中证环保产业指数分级A
SZSE.150031,银华中证等权90指数鑫利
SZSE.159824,博时新能源汽车ETF
SZSE.159843,招商国证食品饮料ETF
SZSE.150265,中融一带一路分级A
SZSE.159127,南方中证港股通高股息投资ETF
SZSE.159729,汇添富中证沪港深互联网ETF
SZSE.150273,鹏华一带一路分级A
SZSE.159605,广发中证海外中国互联网30(QDII-ETF)
SZSE.159262,广发恒生港股通科技主题ETF
SZSE.159715,易方达中证稀土产业ETF
SZSE.159846,建信中证1000ETF
SZSE.150027,天弘添利分级债券B
SZSE.159596,华宝中证A50ETF
SZSE.150084,广发深证100指数分级B
SZSE.150146,招商沪深300高贝塔指数分级B
SZSE.159567,银华国证港股通创新药ETF
SZSE.159627,华夏中证A100ETF
SZSE.159121,易方达恒生港股通汽车主题ETF
SZSE.150268,博时中证银行指数分级B
SZSE.150001,瑞福进取
SZSE.159660,汇添富纳斯达克100ETF
SZSE.150169,汇添富恒生指数分级A(QDII)
SZSE.159740,大成恒生科技ETF(QDII)
SZSE.150300,华安中证银行指数分级B
SZSE.159510,华夏中证智选300价值稳健策略ETF
SZSE.159107,富国创业板软件ETF
SZSE.150099,长盛同庆800B
SZSE.159873,天弘中证全指医疗保健设备与服务ETF
SZSE.159601,华夏MSCI中国A50互联互通ETF
SZSE.159225,银华国证自由现金流ETF
SZSE.159858,南方中证创新药产业ETF
SZSE.159120,国联安港股通科技ETF
SZSE.159145,广发国证工业软件主题ETF
SZSE.159939,广发中证全指信息技术ETF
SZSE.150011,国泰进取
SZSE.150060,银华鑫瑞
SZSE.159375,国泰创业板50ETF
SZSE.159827,银华中证农业主题ETF
SZSE.159137,华宝中证港股通医疗主题ETF
SZSE.159849,招商中证生物科技主题ETF
SZSE.150097,招商中证商品B
SZSE.150274,鹏华一带一路分级B
SZSE.150010,国泰优先
SZSE.159149,工银瑞信创业板新能源ETF
SZSE.159896,南方中证物联网主题ETF
SZSE.159988,平安中债-0-5年地方政府债ETF
SZSE.159982,鹏华中证500ETF
SZSE.150042,长信利鑫分级债券B
SZSE.159332,富国中证中央企业红利ETF
SZSE.159992,银华中证创新药产业ETF
SZSE.150055,工银中证500指数A
SZSE.159622,西藏东财中证沪港深创新药产业ETF
SZSE.159123,嘉实中证光伏产业ETF
SZSE.159831,嘉实上海金ETF
SZSE.150066,国泰信用互利分级债券A
SZSE.159560,景顺长城中证芯片产业ETF
SZSE.150112,工银深证100指数分级A
SZSE.150312,信诚中证智能家居指数分级B
SZSE.159116,工银瑞信中证AAA科技创新公司债ETF
SZSE.159371,富国创业板50ETF
SZSE.150026,大成景丰分级债券B
SZSE.159136,广发中证A50ETF
SZSE.159856,工银瑞信中证沪港深互联网ETF
SZSE.159537,国泰国证信息技术创新主题ETF
SZSE.159337,中证500ETF基金
SZSE.159541,万家创业板综合ETF
SZSE.150306,国寿安保中证养老产业指数分级B
SZSE.159256,华夏创业板软件ETF
SZSE.150178,鹏华证券保险分级B
SZSE.159681,鹏华创业板50ETF
SZSE.150054,泰达进取
SZSE.150012,国联安双禧A中证100指数
SZSE.159620,华夏中证智选500成长创新策略ETF
SZSE.159924,景顺长城沪深300等权重ETF
SZSE.159366,永赢中证港股通医疗主题ETF
SZSE.150249,招商中证银行指数分级A
SZSE.159970,工银瑞信深证100ETF
SZSE.159960,平安港股通恒生中国企业ETF
SZSE.150232,申万菱信中证申万电子行业投资指数分级B
SZSE.150176,银华恒生国企指数分级(QDII)B
SZSE.159953,广发全指工业ETF
SZSE.150257,易方达生物分级A
SZSE.159309,汇添富中证油气资源ETF
SZSE.159316,易方达恒生港股通创新药ETF
SZSE.159686,易方达中证A100ETF
SZSE.159569,景顺长城国证港股通红利低波动率ETF
SZSE.159508,华安国证生物医药ETF
SZSE.159968,博时中证500ETF
SZSE.159796,汇添富中证电池主题ETF
SZSE.159701,招商中证物联网主题ETF
SZSE.159532,易方达中证2000ETF
SZSE.159372,万家创业板50ETF
SZSE.159895,易方达中证物联网主题ETF
SZSE.159779,招商中证消费电子主题ETF
SZSE.159326,华夏中证电网设备主题ETF
SZSE.159709,工银瑞信深证物联网50ETF
SZSE.159367,华夏创业板50ETF
SZSE.159228,长城中证红利低波100ETF
SZSE.159973,弘毅远方国证民企领先100ETF
SZSE.150139,银华中证800分级B
SZSE.159628,万家国证2000ETF
SZSE.159728,南方国证在线消费ETF
SZSE.159352,南方中证A500ETF
SZSE.159381,华夏创业板人工智能ETF
SZSE.159513,大成纳斯达克100ETF(QDII)
SZSE.159834,南方上海金ETF
SZSE.159950,易方达深证成指ETF
SZSE.150205,鹏华中证国防指数分级A
SZSE.159692,东财中证证券公司30ETF
SZSE.159387,国泰创业板新能源ETF
SZSE.159552,招商中证2000增强策略ETF
SZSE.150171,申万菱信中证申万证券行业指数分级A
SZSE.159299,易方达中证金融科技主题ETF
SZSE.159888,华夏中证智能汽车主题ETF
SZSE.159921,诺安中小板等权重ETF
SZSE.150067,国泰信用互利分级债券B
SZSE.150301,华安中证全指证券公司指数分级A
SZSE.150280,鹏华新能源分级B
SZSE.150093,诺德深证300指数分级B
SZSE.159357,博时中证A500ETF
SZSE.159370,工银瑞信创业板50ETF
SZSE.159507,广发国证通信ETF
SZSE.159336,融通中证诚通央企红利ETF
SZSE.159551,国泰中证机器人ETF
SZSE.150167,银华沪深300指数分级A
SZSE.159398,天弘深证基准做市信用债ETF
SZSE.159283,南方中证通用航空主题ETF
SZSE.150069,国联安双力A中小板综指
SZSE.150327,工银中证新能源指数分级A
SZSE.159612,国泰标普500(QDII-ETF)
SZSE.150225,博时中证800证券保险指数分级A
SZSE.150073,诺安中证创业成长指数稳健
SZSE.159793,平安中证沪港深线上消费主题ETF
SZSE.150275,安信一带一路分级A
SZSE.150134,德邦德信中高企债指数分级B
SZSE.150092,诺德深证300指数分级A
SZSE.159763,建信中证新材料主题ETF
SZSE.159237,工银瑞信中证港股通汽车产业ETF
SZSE.159378,永赢国证通用航空产业ETF
SZSE.159813,鹏华国证半导体芯片ETF
SZSE.159267,华安国证航天航空行业ETF
SZSE.159930,汇添富中证能源ETF
SZSE.159321,华安中证沪深港黄金产业股票ETF
SZSE.150214,国投瑞银中证创业指数分级B
SZSE.150229,鹏华酒分级A
SZSE.159581,万家中证红利ETF
SZSE.159887,富国中证800银行ETF
SZSE.150161,新华惠鑫分级债券B
SZSE.150318,交银中证互联网金融指数分级B
SZSE.159328,易方达中证家电龙头ETF
SZSE.159379,融通中证A500ETF
SZSE.159236,工银瑞信中证全指自由现金流ETF
SZSE.150154,中海惠丰纯债分级债券B
SZSE.159239,富国恒生港股通汽车主题ETF
SZSE.159266,永赢中证港股通央企红利ETF
SZSE.159890,招商中证云计算ETF
SZSE.159219,融通深证100ETF
SZSE.150299,华安中证银行指数分级A
SZSE.159623,博时成渝经济圈ETF
SZSE.159359,华安中证A500ETF
SZSE.159579,华安深证主板50ETF
SZSE.159847,易方达中证医疗ETF
SZSE.159806,国泰中证新能源汽车ETF
SZSE.159110,万家深证AAA科技创新公司债ETF
SZSE.159697,鹏华国证石油天然气ETF
SZSE.150198,国泰国证食品饮料行业指数分级A
SZSE.159638,嘉实中证高端装备细分50ETF
SZSE.159118,华夏标普港股通低波红利ETF
SZSE.159142,景顺长城中证科创创业人工智能ETF
SZSE.159718,平安中证港股通医药卫生综合ETF
SZSE.159566,易方达国证新能源电池ETF
SZSE.159519,国泰中证香港内地国有企业ETF(QDII)
SZSE.150304,华安创业板50指数分级B
SZSE.159943,大成深证成份ETF
SZSE.150222,前海开源中航军工B
SZSE.159103,汇添富中证金融科技主题ETF
SZSE.150173,信诚中证TMT产业主题指数分级A
SZSE.150248,工银中证传媒指数分级B
SZSE.150283,申万菱信中证申万医药生物指数分级A
SZSE.159995,华夏国证半导体芯片ETF
SZSE.159651,平安中债-0-3年国开行债券ETF
SZSE.150256,易方达银行分级B
SZSE.159801,广发国证半导体芯片ETF
SZSE.159268,汇添富国证港股通消费主题ETF
SZSE.159700,南方中证AAA科技创新公司债ETF
SZSE.150076,浙商沪深300指数分级稳健
SZSE.159713,富国中证稀土产业ETF
SZSE.159712,国泰中证港股通50ETF
SZSE.159610,景顺长城中证500增强策略ETF
SZSE.159217,工银国证港股通创新药ETF
SZSE.150298,南方中证互联网指数分级B
SZSE.159792,富国中证港股通互联网ETF
SZSE.150303,华安创业板50指数分级A
SZSE.150121,银河沪深300成长分级A
SZSE.159249,工银瑞信中证A500增强策略ETF
SZSE.159682,景顺长城创业板50ETF
SZSE.159855,银华中证影视主题ETF
SZSE.150228,鹏华银行分级B
SZSE.150070,国联安双力B中小板综指
SZSE.150089,金鹰中证500指数分级B
SZSE.159400,景顺长城深证AAA科技创新公司债ETF
SZSE.159509,景顺长城纳斯达克科技ETF(QDII)
SZSE.150186,申万菱信中证军工指数分级A
SZSE.159979,广发湾创100ETF
SZSE.150259,易方达重组分级A
SZSE.159716,华宝深证100ETF
SZSE.150197,国泰国证有色金属行业指数分级B
SZSE.159005,汇添富收益快钱货币A
SZSE.159898,招商中证全指医疗器械ETF
SZSE.159679,国泰中证1000增强策略ETF
SZSE.159810,浦银安盛创业板ETF
SZSE.159901,易方达深证100ETF
SZSE.150029,信诚中证500指数分级B
SZSE.159782,银华中证科创创业50ETF
SZSE.159647,鹏华中证中药ETF
SZSE.159363,华宝创业板人工智能ETF
SZSE.150072,中欧盛世成长分级股票B
SZSE.159778,鹏华中证工业互联网主题ETF
SZSE.150098,长盛同庆800A
SZSE.150291,中融中证银行指数分级A
SZSE.150022,申万菱信深证成指分级收益
SZSE.159369,易方达创业板50ETF
SZSE.159583,富国中证通信设备主题ETF
SZSE.159835,建信中证创新药产业ETF
SZSE.159533,博时中证2000ETF
SZSE.159632,华安纳斯达克100ETF(QDII)
SZSE.159673,鹏华沪深300ETF
SZSE.150325,工银中证高铁产业指数分级A
SZSE.159965,国联央视财经50ETF
SZSE.150211,富国中证新能源汽车指数分级A
SZSE.150184,申万菱信中证环保产业指数分级A
SZSE.150190,新华中证环保产业指数分级A
SZSE.159870,鹏华中证细分化工产业ETF
SZSE.150193,鹏华地产分级B
SZSE.159243,招商创业板人工智能ETF
SZSE.159760,泰康国证公共卫生与医疗健康ETF
SZSE.159253,博时中证银行ETF
SZSE.159591,富国中证A50ETF
SZSE.159531,南方中证2000ETF
SZSE.159128,天弘国证港股通科技ETF
SZSE.150244,鹏华创业板分级B
SZSE.150331,建信网金融分级A
SZSE.159260,博时证券公司ETF
SZSE.159261,鹏华创业板新能源ETF
SZSE.150284,申万菱信中证申万医药生物指数分级B
SZSE.150147,天弘同利分级债券B
SZSE.159280,汇添富国证港股通互联网ETF
SZSE.150064,长盛同瑞A
SZSE.159931,汇添富中证金融地产ETF
SZSE.159937,博时黄金ETF
SZSE.159781,易方达中证科创创业50ETF
SZSE.159670,国联安中证消费50ETF
SZSE.159129,嘉实中证细分化工产业主题ETF
SZSE.159112,银华中证AAA科技创新公司债ETF
SZSE.159815,招商中证浙江100ETF
SZSE.150150,信诚中证800有色指数分级A
SZSE.159976,工银瑞信粤港澳大湾区创新100ETF
SZSE.159578,南方深证主板50ETF
SZSE.159866,工银瑞信大和日经225ETF(QDII)
SZSE.159151,华夏中证全指食品ETF
SZSE.159929,汇添富中证医药卫生ETF
SZSE.159271,鹏华恒生ETF
SZSE.150242,富国中证银行指数分级B
SZSE.150153,富国创业板指数分级B
SZSE.159617,华夏中证智选500价值稳健策略ETF
SZSE.159761,国泰中证新材料主题ETF
SZSE.159993,鹏华国证证券龙头ETF
SZSE.159805,鹏华中证传媒ETF
SZSE.159987,银华中证研发创新100ETF
SZSE.159862,银华中证细分食品饮料产业主题ETF
SZSE.150179,鹏华信息分级A
SZSE.159278,鹏华国证机器人产业ETF
SZSE.150168,银华沪深300指数分级B
SZSE.159213,汇添富中证机器人ETF
SZSE.159259,易方达国证成长100ETF
SZSE.159338,国泰中证A500ETF
SZSE.150218,交银国证新能源指数分级B
SZSE.150233,申万菱信中证申万传媒行业投资指数分级A
SZSE.159246,富国创业板人工智能ETF
SZSE.150117,国泰国证房地产行业指数分级A
SZSE.159320,广发恒生A股电网设备ETF
SZSE.159603,天弘中证科创创业50ETF
SZSE.159511,南方中证通信服务ETF
SZSE.150289,中融中证煤炭指数分级A
SZSE.159240,天弘中证A500增强策略ETF
SZSE.150207,招商沪深300地产等权重指数分级A
SZSE.159787,易方达中证全指建筑材料ETF
SZSE.159629,富国中证1000ETF
SZSE.159003,招商保证金快线A
SZSE.159807,易方达中证科技50ETF
SZSE.159635,华夏中证基建ETF
SZSE.150330,方正富邦保险主题指数分级B
SZSE.150141,国金沪深300指数分级B
SZSE.150269,招商中证白酒指数分级A
SZSE.159645,富国国证疫苗与生物科技ETF
SZSE.159641,招商中证上海环交所碳中和ETF
SZSE.159577,汇添富MSCI美国50ETF
SZSE.159125,招商国证港股通科技ETF
SZSE.159739,鹏华中证云计算与大数据主题ETF
SZSE.159690,招商中证有色金属矿业主题ETF
SZSE.159360,天弘中证A500ETF
SZSE.159842,银华中证全指证券公司ETF
SZSE.150149,信诚中证800医药指数分级B
SZSE.159671,工银瑞信中证稀有金属主题ETF
SZSE.159841,天弘中证全指证券公司ETF
SZSE.159775,建信国证新能源车电池ETF
SZSE.150101,鹏华资源分级B
SZSE.159978,建信中证沪港深粤港澳大湾区发展主题ETF
SZSE.159886,富国中证细分机械设备产业主题ETF
SZSE.159731,华夏中证石化产业ETF
SZSE.159615,南方恒生生物科技ETF(QDII)
SZSE.159869,华夏中证动漫游戏ETF
SZSE.150083,广发深证100指数分级A
SZSE.159696,易方达纳斯达克100ETF(QDII)
SZSE.159287,博时创业板综合ETF
SZSE.159773,华泰柏瑞创业板科技ETF
SZSE.150009,瑞和远见
SZSE.150148,信诚中证800医药指数分级A
SZSE.159517,银华中证800增强策略ETF
SZSE.159636,工银瑞信国证港股通科技30ETF
SZSE.159616,建信中证农牧主题ETF
SZSE.159911,鹏华深证民营ETF
SZSE.159852,嘉实中证软件服务ETF
SZSE.159892,华夏恒生生物科技ETF(QDII)
SZSE.150241,富国中证银行指数分级A
SZSE.150094,泰信基本面400A
SZSE.159742,博时恒生科技ETF(QDII)
SZSE.159501,嘉实纳斯达克100ETF(QDII)
SZSE.159944,广发中证全指原材料ETF
SZSE.150209,富国中证国有企业改革指数分级A
SZSE.150025,大成景丰分级债券A
SZSE.159964,平安创业板ETF
SZSE.150079,银河通利分级债券B
SZSE.150172,申万菱信中证申万证券行业指数分级B
SZSE.159659,招商纳斯达克100ETF(QDII)
SZSE.159542,大成中证工程机械ETF
SZSE.159802,广发中证800ETF
SZSE.159938,广发中证全指医药卫生ETF
SZSE.150058,长城久兆积极指数
SZSE.159295,西部利得创业板综合ETF
SZSE.159265,鹏华国证港股通消费主题ETF
SZSE.159726,华夏恒生中国内地企业高股息率ETF
SZSE.150302,华安中证全指证券公司指数分级B
SZSE.150115,长盛同丰分级债券B
SZSE.150195,富国中证移动互联网指数分级B
SZSE.159395,大成深证基准做市信用债ETF
SZSE.159306,平安中证汽车零部件主题ETF
SZSE.159588,景顺长城国证石油天然气ETF
SZSE.159889,国泰中证智能汽车主题ETF
SZSE.159512,广发中证全指汽车ETF
SZSE.150271,招商国证生物医药指数分级A
SZSE.159708,西部利得深证红利ETF
SZSE.159912,汇添富深证300ETF
SZSE.159743,博时湖北新旧动能转换ETF
SZSE.150307,富国中证体育产业指数分级A
SZSE.159108,博时工业软件ETF
SZSE.159974,富国央企创新ETF
SZSE.150090,万家中证创业成长指数分级A
SZSE.150264,华宝中证1000指数分级B
SZSE.159558,易方达中证半导体材料设备主题ETF
SZSE.159985,华夏饲料豆粕期货ETF
SZSE.159751,鹏华中证港股通科技ETF
SZSE.159380,A500ETF东财
SZSE.150080,国联安双佳B信用分级债券
SZSE.159706,华安深证100ETF
SZSE.159825,富国中证农业主题ETF
SZSE.159101,华夏国证港股通科技ETF
SZSE.159875,嘉实中证新能源ETF
SZSE.159536,汇添富中证2000ETF
SZSE.159667,国泰中证机床ETF
SZSE.150258,易方达生物分级B
SZSE.150063,浦银安盛增利分级债券B
SZSE.159222,易方达国证自由现金流ETF
SZSE.159941,广发纳指100ETF
SZSE.159747,南方中证香港科技ETF(QDII)
SZSE.150316,富国中证工业4.0指数分级B
SZSE.150132,金鹰元盛分级债券B
SZSE.159391,博时国证大盘价值ETF
SZSE.159133,天弘中证细分化工产业主题ETF
SZSE.159975,招商深证100ETF
SZSE.150210,富国中证国有企业改革指数分级B
SZSE.150252,招商中证煤炭等权指数分级B
SZSE.150100,鹏华资源分级A
SZSE.159678,博时中证500增强策略ETF
SZSE.159311,易方达中证数字经济主题ETF
SZSE.159220,华宝标普港股通低波红利ETF
SZSE.159368,华夏创业板新能源ETF
SZSE.159146,华宝中证全指电力公用事业ETF
SZSE.159377,国泰创业板医药卫生ETF
SZSE.159971,富国创业板ETF
SZSE.150118,国泰国证房地产行业指数分级B
SZSE.150165,东吴中证可转换债券指数分级B
SZSE.150078,金鹰持久回报分级债券B
SZSE.159913,交银深证300价值ETF
SZSE.150243,鹏华创业板分级A
SZSE.150344,融通证券分级B
SZSE.159808,融通创业板ETF
SZSE.150124,建信央视50B
SZSE.150224,富国中证全指证券公司指数分级B
SZSE.159335,融通中证诚通央企科技创新ETF
SZSE.159382,南方创业板人工智能ETF
SZSE.150231,申万菱信中证申万电子行业投资指数分级A
SZSE.159599,西藏东财中证芯片产业ETF
SZSE.159251,万家国证港股通科技ETF
SZSE.159663,华夏中证机床ETF
SZSE.159301,华夏中证全指公用事业ETF
SZSE.159865,国泰中证畜牧养殖ETF
SZSE.159997,天弘中证电子ETF
SZSE.159767,兴银国证新能源车电池ETF
SZSE.159582,博时中证半导体产业ETF
SZSE.150006,长盛同庆A
SZSE.159538,富国国证信息技术创新主题ETF
SZSE.159576,广发深证100ETF
SZSE.159606,易方达中证500质量成长ETF
SZSE.159102,华安恒生生物科技ETF
SZSE.159231,华宝国证通用航空产业ETF
SZSE.159277,富国中证港股通高股息投资ETF
SZSE.159871,银华中证有色金属ETF
SZSE.159666,华夏中证全指运输ETF
SZSE.150223,富国中证全指证券公司指数分级A
SZSE.150204,鹏华传媒分级B
SZSE.159273,汇添富中证沪港深云计算产业ETF
SZSE.159883,永赢中证全指医疗器械ETF
SZSE.150332,建信网金融分级B
SZSE.150311,信诚中证智能家居指数分级A
SZSE.150056,工银中证500指数B
SZSE.159608,广发中证稀有金属主题ETF
SZSE.159550,西藏东财中证沪港深互联网ETF
SZSE.159776,银华中证港股通医药卫生综合ETF
SZSE.159521,平安国证2000ETF
SZSE.150237,鹏华环保分级A
SZSE.159223,永赢国证自由现金流ETF
SZSE.150315,富国中证工业4.0指数分级A
SZSE.159935,景顺长城中证500ETF
SZSE.159523,华夏中证智选300成长创新策略ETF
SZSE.150157,信诚中证800金融指数分级A
SZSE.150131,国泰国证医药卫生行业指数分级B
SZSE.159909,招商深证TMT50ETF
SZSE.150326,工银中证高铁产业指数分级B
SZSE.159653,国联安国证ESG300ETF
SZSE.150114,中海惠裕分级债券发起式B
SZSE.159286,鹏华国证港股通创新药ETF
SZSE.150082,信达澳银稳定增利分级债券B
SZSE.150329,方正富邦保险主题指数分级A
SZSE.159201,华夏国证自由现金流ETF
SZSE.150317,交银中证互联网金融指数分级A
SZSE.159396,博时深证基准做市信用债ETF
SZSE.150050,南方消费进取
SZSE.159376,浦银安盛中证A500ETF
SZSE.150104,华安沪深300指数分级A
SZSE.159310,天弘中证芯片产业ETF
SZSE.159752,申万菱信中证内地新能源主题ETF
SZSE.159210,汇添富中证港股通汽车产业主题ETF
SZSE.159872,鹏华中证车联网主题ETF
SZSE.159209,招商中证全指红利质量ETF
SZSE.159770,天弘中证机器人ETF
SZSE.150219,前海开源健康分级A
SZSE.150113,工银深证100指数分级B
SZSE.159699,广发恒生消费(QDII-ETF)
SZSE.159845,华夏中证1000ETF
SZSE.159768,银华中证内地地产主题ETF
SZSE.159853,南方中证科技100ETF
SZSE.159365,富国恒指港股通ETF
SZSE.150020,富国汇利回报分级债券A
SZSE.159212,南方深证100ETF
SZSE.159795,汇添富中证智能汽车主题ETF
SZSE.150041,富国天盈分级债券B
SZSE.159238,景顺长城沪深300增强策略ETF
SZSE.150336,融通军工分级B
SZSE.159227,华夏国证航天航空行业ETF
SZSE.159561,嘉实德国DAXETF(QDII)
SZSE.159556,平安中证2000增强策略ETF
SZSE.150260,易方达重组分级B
SZSE.159302,银华中证港股高股息ETF
SZSE.159386,永赢中证A500ETF
SZSE.159572,易方达创业板中盘200ETF
SZSE.150096,招商中证商品A
SZSE.150262,华宝中证医疗指数分级B
SZSE.159766,富国中证旅游主题ETF
SZSE.159593,平安中证A50ETF
SZSE.150182,富国中证军工指数分级B
SZSE.159288,银华创业板综ETF
SZSE.159812,前海开源黄金ETF
SZSE.159130,鹏华恒生生物科技ETF
SZSE.159392,富国国证通用航空产业ETF
SZSE.159693,华泰柏瑞中证有色金属矿业主题ETF
SZSE.159305,广发国证新能源电池ETF
SZSE.150261,华宝中证医疗指数分级A
SZSE.159362,工银中证A500ETF
SZSE.159353,景顺长城中证A500ETF
SZSE.150234,申万菱信中证申万传媒行业投资指数分级B
SZSE.150343,融通证券分级A
SZSE.159562,华夏中证沪深港黄金产业股票ETF
SZSE.150156,中银互利分级债券B
SZSE.150295,南方中证国有企业改革指数分级A
SZSE.159777,国联安创科技ETF
SZSE.159839,汇添富国证生物医药ETF
SZSE.159876,华宝有色金属ETF
SZSE.159530,易方达国证机器人产业ETF
SZSE.159646,华泰柏瑞国证疫苗与生物科技ETF
SZSE.159543,工银国证2000ETF
SZSE.150201,招商中证全指证券公司指数分级B
SZSE.159958,工银瑞信创业板ETF
SZSE.150038,万家添利分级债券B
SZSE.150081,信诚双盈分级债券B
SZSE.150220,前海开源健康分级B
SZSE.159661,嘉实中证A100ETF
SZSE.159506,富国恒生港股通创新药及医疗保健ETF
SZSE.159946,广发中证全指主要消费ETF
SZSE.150212,富国中证新能源汽车指数分级B
SZSE.150145,招商沪深300高贝塔指数分级A
SZSE.159505,博时国证2000ETF
SZSE.159241,天弘国证航天航空行业ETF
SZSE.150160,融通通福分级债券B
SZSE.159500,富国中证500ETF
SZSE.159592,银华中证A50ETF
SZSE.150057,长城久兆稳健指数
SZSE.159385,富国中证诚通国企数字经济ETF
SZSE.150047,银华消费A
SZSE.159961,方正富邦深证100ETF
SZSE.159245,富国国证港股通消费主题ETF
SZSE.150052,信诚沪深300指数分级B
SZSE.159861,国泰中证环保产业50ETF
SZSE.150144,银华中证转债指数增强分级B
SZSE.159922,嘉实中证500ETF
SZSE.150226,博时中证800证券保险指数分级B
SZSE.159658,华安中证数字经济主题ETF
SZSE.159230,华夏国证通用航空产业ETF
SZSE.159147,南方中证电池主题ETF
SZSE.150016,兴全合润分级混合A
SZSE.150164,东吴中证可转换债券指数分级A
SZSE.150071,中欧盛世成长分级股票A
SZSE.150287,中融国证钢铁行业指数分级A
SZSE.150128,工银增利分级债券B
SZSE.159980,大成有色金属期货ETF
SZSE.150263,华宝中证1000指数分级A
SZSE.159126,南方中证港股通50ETF
SZSE.150152,富国创业板指数分级A
SZSE.150292,中融中证银行指数分级B
SZSE.150278,鹏华高铁分级B
SZSE.159300,富国沪深300ETF
SZSE.150030,银华中证等权90指数金利
SZSE.159809,博时大湾区ETF
SZSE.159325,南方中证半导体行业精选ETF
SZSE.159150,易方达深证50ETF
SZSE.159270,南方创业板中盘200ETF
SZSE.159318,银华恒指港股通ETF
SZSE.150177,鹏华证券保险分级A
SZSE.159630,汇添富中证A100ETF
SZSE.159928,汇添富中证主要消费ETF
SZSE.159595,大成中证A50ETF
SZSE.159720,泰康中证智能电动汽车ETF
SZSE.159899,招商中证全指软件ETF
SZSE.150290,中融中证煤炭指数分级B
SZSE.150230,鹏华酒分级B
SZSE.150129,鹏华丰利分级债券B
SZSE.159289,鹏华创业板综合ETF
SZSE.159830,天弘上海金ETF
SZSE.159549,天弘中证红利低波动100ETF
SZSE.150068,诺德双翼分级债券B
SZSE.159535,嘉实中证2000ETF
SZSE.150110,华商中证500A
SZSE.150044,海富通稳进增利分级债券A
SZSE.159832,平安上海金ETF
SZSE.150059,银华金瑞
SZSE.159553,海富通中证2000增强策略ETF
SZSE.159642,大成中证上海环交所碳中和ETF
SZSE.159356,万家中证A500ETF
SZSE.159788,易方达中证港股通中国100ETF
SZSE.150108,长盛同辉深100等权重分级A
SZSE.159312,广发恒指港股通ETF
SZSE.150272,招商国证生物医药指数分级B
SZSE.159838,博时医药50ETF
SZSE.159998,天弘中证计算机主题ETF
SZSE.159257,汇添富国证通用航空产业ETF
SZSE.159570,汇添富国证港股通创新药ETF
SZSE.159903,南方深证成份ETF
SZSE.150008,瑞和小康
SZSE.159733,景顺长城中证消费电子ETF
SZSE.150276,安信一带一路分级B
SZSE.150175,银华恒生国企指数分级(QDII)A
SZSE.159910,嘉实深证基本面120ETF
SZSE.150109,长盛同辉深100等权重分级B
SZSE.159001,易方达保证金货币A
SZSE.150021,富国汇利回报分级债券B
SZSE.159649,华安中债1-5年国开债ETF
SZSE.159557,嘉实恒生医疗保健ETF(QDII)
SZSE.159281,天弘中证港股通央企红利ETF
SZSE.159307,博时中证红利低波100ETF
SZSE.150203,鹏华传媒分级A
SZSE.150065,长盛同瑞B
SZSE.159526,嘉实中证机器人ETF
SZSE.159522,景顺长城国证2000ETF
SZSE.159597,易方达创业板成长ETF
SZSE.150181,富国中证军工指数分级A
SZSE.150235,鹏华证券分级A
SZSE.150049,南方消费收益
SZSE.150045,海富通稳进增利分级债券B
SZSE.150087,中欧信用增利分级债券B
SZSE.159816,鹏华中证0-4年地方政府债ETF
SZSE.159206,永赢国证商用卫星ETF
SZSE.159963,富国恒生中国企业ETF
SZSE.150111,华商中证500B
SHSE.563500,华宝中证A500ETF
SHSE.515000,华宝中证科技龙头ETF
SHSE.562920,易方达中证信息安全主题ETF
SHSE.516970,广发中证基建工程ETF
SHSE.512360,平安MSCI中国A股国际ETF
SHSE.561320,国泰中证内地运输主题ETF
SHSE.517090,国泰富时中国国企开放共赢ETF
SHSE.517550,招商中证沪港深消费龙头ETF
SHSE.512920,新华MSCI中国A股国际ETF
SHSE.563520,沪深300ETF永赢
SHSE.515860,嘉实新兴科技100ETF
SHSE.562990,易方达中证上海环交所碳中和ETF
SHSE.562350,银华中证全指电力公用事业ETF
SHSE.510610,华夏能源ETF
SHSE.512730,鹏华中证银行ETF
SHSE.561870,华富中证全指自由现金流ETF
SHSE.517950,交银中证智选沪深港科技50ETF
SHSE.560120,华夏中证500自由现金流ETF
SHSE.561560,华泰柏瑞中证全指电力公用事业ETF
SHSE.515030,华夏中证新能源汽车ETF
SHSE.588110,广发上证科创板成长ETF
SHSE.511650,华夏快线货币ETFE
SHSE.563220,富国中证A500ETF
SHSE.513910,华夏中证港股通央企红利ETF
SHSE.516530,银华中证现代物流ETF
SHSE.588990,博时上证科创板芯片ETF
SHSE.560700,广发中证国新央企股东回报ETF
SHSE.512660,国泰中证军工ETF
SHSE.561600,平安中证消费电子主题ETF
SHSE.512210,景顺长城中证800食品饮料ETF
SHSE.588410,鹏华中证科创创业人工智能ETF
SHSE.511690,大成添益交易型货币E
SHSE.512370,华夏中证A500增强策略ETF
SHSE.516800,华宝中证智能制造ETF
SHSE.563650,兴业中证A500ETF
SHSE.512790,华安中证民企成长ETF
SHSE.512970,平安粤港澳大湾区发展主题ETF
SHSE.588790,博时科创板人工智能ETF
SHSE.512120,华安中证细分医药ETF
SHSE.588230,华泰柏瑞上证科创板200ETF
SHSE.561380,国泰恒生A股电网设备ETF
SHSE.513110,华泰柏瑞纳斯达克100ETF(QDII)
SHSE.513630,摩根标普港股通低波红利ETF
SHSE.560650,民生加银中证企业核心竞争力50ETF
SHSE.515710,华宝中证细分食品饮料产业主题ETF
SHSE.589860,天弘上证科创板综合ETF
SHSE.561300,国泰沪深300增强策略ETF
SHSE.515170,华夏中证细分食品饮料产业主题ETF
SHSE.563600,易方达中证A500增强策略ETF
SHSE.589070,天弘上证科创板芯片设计主题ETF
SHSE.513350,富国标普石油天然气勘探及生产精选行业ETF(QDII)
SHSE.588220,鹏华上证科创板100ETF
SHSE.588980,广发上证科创板100ETF
SHSE.588370,南方上证科创板50成份增强策略ETF
SHSE.560630,万家中证机器人ETF
SHSE.515190,中银证券中证500ETF
SHSE.512590,浦银安盛中证高股息ETF
SHSE.513100,国泰纳斯达克100(QDII-ETF)
SHSE.513960,博时中证港股通消费主题ETF
SHSE.511990,华宝添益A
SHSE.588660,兴银中证科创创业50ETF
SHSE.562860,嘉实中证疫苗与生物技术ETF
SHSE.516700,华宝大数据ETF
SHSE.515130,博时沪深300ETF
SHSE.563530,易方达中证卫星产业ETF
SHSE.588680,广发上证科创板100增强策略ETF
SHSE.511920,广发货币E
SHSE.512930,平安人工智能ETF
SHSE.517880,华泰柏瑞中证沪港深品牌消费50ETF
SHSE.560300,汇添富中证电信主题ETF
SHSE.563930,招商上证综合增强策略ETF
SHSE.517350,广发中证沪港深科技龙头ETF
SHSE.515220,国泰中证煤炭ETF
SHSE.515210,国泰中证钢铁ETF
SHSE.513590,鹏华中证港股通消费主题ETF
SHSE.562590,华夏中证半导体材料设备主题ETF
SHSE.562970,易方达中证光伏产业ETF
SHSE.510560,国寿安保中证500ETF
SHSE.561100,富国中证消费电子主题ETF
SHSE.515930,永赢沪深300ETF
SHSE.515180,易方达中证红利ETF
SHSE.562890,嘉实中证A50ETF
SHSE.561900,招商沪深300ESG基准ETF
SHSE.561990,招商沪深300增强策略ETF
SHSE.515320,华安中证电子50ETF
SHSE.512500,华夏中证500ETF
SHSE.561170,富国中证绿色电力ETF
SHSE.510500,南方中证500ETF
SHSE.511210,博时上证企债30ETF
SHSE.589500,工银瑞信上证科创板综合价格ETF
SHSE.588950,景顺长城上证科创板50成份ETF
SHSE.588360,国泰中证科创创业50ETF
SHSE.512820,汇添富中证银行ETF
SHSE.516000,华夏中证大数据产业ETF
SHSE.560330,申万菱信沪深300价值ETF
SHSE.510620,华夏材料ETF
SHSE.560860,万家中证工业有色金属主题ETF
SHSE.588180,国联安科创ETF
SHSE.511150,永赢上证AAA科技创新公司债ETF
SHSE.588270,易方达上证科创板200ETF
SHSE.515770,摩根MSCI中国A股ETF
SHSE.562070,华宝沪深300增强策略ETF
SHSE.517800,方正富邦中证沪港深人工智能50ETF
SHSE.588100,嘉实上证科创板新一代信息技术ETF
SHSE.560130,鹏华中证全指食品ETF
SHSE.512520,华泰柏瑞MSCI中国A股国际通ETF
SHSE.511670,华泰紫金天天金货币ETFA
SHSE.510990,工银瑞信中证180ESGETF
SHSE.589890,景顺长城上证科创板综合价格ETF
SHSE.560020,汇添富中证红利ETF
SHSE.516210,华安中证银行ETF
SHSE.588670,嘉实上证科创板综合增强策略ETF
SHSE.561000,华安沪深300增强策略ETF
SHSE.512610,嘉实中证医药卫生ETF
SHSE.563790,鹏华中证卫星产业ETF
SHSE.512510,华泰柏瑞中证500ETF
SHSE.589960,易方达上证科创板新能源ETF
SHSE.515680,嘉实央企创新驱动ETF
SHSE.513660,华夏沪港通恒生ETF
SHSE.510820,上证上海改革发展主题ETF
SHSE.562380,银华中证国新央企科技引领ETF
SHSE.563000,易方达MSCI中国A50互联互通ETF
SHSE.516790,华泰柏瑞中证医疗保健ETF
SHSE.510230,国泰上证180金融ETF
SHSE.589030,易方达上证科创板芯片设计主题ETF
SHSE.515010,华夏中证全指证券公司ETF
SHSE.510300,华泰柏瑞沪深300ETF
SHSE.589120,汇添富上证科创板创新药ETF
SHSE.562910,易方达中证装备产业ETF
SHSE.511820,鹏华添利交易型货币B
SHSE.511600,华安日日鑫货币H
SHSE.517780,浦银安盛中华交易服务沪深港300ETF
SHSE.512240,鹏华中证A50ETF
SHSE.510800,建信上证50ETF
SHSE.516010,国泰中证动漫游戏ETF
SHSE.513980,景顺长城中证港股通科技ETF
SHSE.512070,易方达沪深300非银ETF
SHSE.516480,国联安新材料ETF
SHSE.561060,华安中证国有企业红利ETF
SHSE.516630,华夏中证云计算与大数据主题ETF
SHSE.588130,华夏上证科创板生物医药ETF
SHSE.515900,博时央企创新驱动ETF
SHSE.515610,中银中证800ETF
SHSE.588170,华夏上证科创板半导体材料设备主题ETF
SHSE.512480,国联安半导体ETF
SHSE.562550,华夏中证绿色电力ETF
SHSE.516640,富国中证芯片产业ETF
SHSE.588260,华安上证科创板新一代信息技术ETF
SHSE.515570,山西中证红利ETF
SHSE.516180,平安中证光伏产业ETF
SHSE.515520,大成MSCI中国A股质优价值100ETF
SHSE.563680,汇添富中证800自由现金流ETF
SHSE.561760,博时中证油气资源ETF
SHSE.518860,建信上海金ETF
SHSE.515020,华夏中证银行ETF
SHSE.563200,富国中证2000ETF
SHSE.510530,工银中证500ETF
SHSE.589660,南方上证科创板综合ETF
SHSE.589110,国泰上证科创板人工智能ETF
SHSE.513020,国泰中证港股通科技ETF
SHSE.561350,国泰中证500ETF
SHSE.588830,鹏华上证科创板新能源ETF
SHSE.512650,添富中证长三角ETF
SHSE.588350,鹏扬中证科创创业50ETF
SHSE.516200,华安中证全指证券公司ETF
SHSE.515150,富国中证国企一带一路ETF
SHSE.563660,银河中证A500ETF
SHSE.510550,方正富邦中证500ETF
SHSE.589800,易方达上证科创板综合ETF
SHSE.513970,景顺长城恒生消费ETF(QDII)
SHSE.517100,富国中证沪港深500ETF
SHSE.588000,华夏上证科创板50成份ETF
SHSE.589580,兴银上证科创板综合价格ETF
SHSE.589000,华夏上证科创板综合ETF
SHSE.515300,嘉实沪深300红利低波动ETF
SHSE.516600,工银瑞信中证消费服务领先ETF
SHSE.511830,华泰柏瑞交易货币A
SHSE.513810,华夏中证香港内地国有企业ETF(QDII)
SHSE.589180,汇添富上证科创板新材料ETF
SHSE.513260,汇添富恒生科技ETF(QDII)
SHSE.588320,广发中证科创创业50增强策略ETF
SHSE.588760,广发上证科创板人工智能ETF
SHSE.510350,工银沪深300ETF
SHSE.588250,鹏华上证科创板生物医药ETF
SHSE.560360,万家中证软件服务ETF
SHSE.562560,华夏中证全指信息技术ETF
SHSE.510890,兴业上证红利低波动ETF
SHSE.511200,华夏上证基准做市公司债ETF
SHSE.560610,招商中证A500ETF
SHSE.511700,平安日鑫E
SHSE.561010,华安中证全指软件开发ETF
SHSE.588780,国联安科创芯片设计ETF
SHSE.561570,华泰柏瑞中证油气产业ETF
SHSE.563020,易方达中证红利低波动ETF
SHSE.512020,鹏华中证A500ETF
SHSE.512710,富国中证军工龙头ETF
SHSE.516320,华夏中证装备产业ETF
SHSE.588900,南方上证科创板100ETF
SHSE.515920,博时智能消费主题ETF
SHSE.513080,华安法国CAC40ETF(QDII)
SHSE.563550,摩根中证A500增强策略ETF
SHSE.512010,易方达沪深300医药ETF
SHSE.561190,富国中证上海环交所碳中和ETF
SHSE.511000,招商中债-0-3年长三角地方债ETF
SHSE.515600,广发中证央企创新驱动ETF
SHSE.589130,易方达上证科创板芯片ETF
SHSE.515750,富国中证科技50策略ETF
SHSE.517030,易方达中证沪港深300ETF
SHSE.561880,华富中证A100ETF
SHSE.516610,大成中证全指医疗保健设备与服务ETF
SHSE.512960,博时央企结构调整ETF
SHSE.588880,华泰柏瑞上证科创板100ETF
SHSE.517990,招商中证沪港深500医药卫生ETF
SHSE.515400,富国中证大数据产业ETF
SHSE.589050,兴业科创价格ETF
SHSE.516330,华泰柏瑞中证物联网主题ETF
SHSE.513920,华安恒生港股通中国央企红利ETF
SHSE.513880,华安日经225ETF(QDII)
SHSE.561780,博时中证1000增强策略ETF
SHSE.513140,华泰柏瑞中证港股通金融服务ETF(QDII)
SHSE.512350,兴业中证福建50ETF
SHSE.563870,鹏华中证通用航空主题ETF
SHSE.563620,兴业中证全指自由现金流ETF
SHSE.510030,上证180价值ETF
SHSE.515110,易方达中证国企一带一路ETF
SHSE.589210,广发上证科创板芯片设计主题ETF
SHSE.513170,鹏华恒生中国央企(QDII)
SHSE.515630,鹏华中证800证保ETF
SHSE.560190,鹏华中证全指公用事业ETF
SHSE.510410,博时上证自然资源ETF
SHSE.510520,诺安中证500ETF
SHSE.563510,易方达中证A500红利低波动ETF
SHSE.516870,银华中证800汽车与零部件ETF
SHSE.511860,博时保证金货币ETFA
SHSE.513400,鹏华道琼斯工业平均ETF(QDII)
SHSE.510090,建信上证社会责任ETF
SHSE.516390,汇添富中证新能源汽车产业ETF
SHSE.513990,招商上证港股通ETF
SHSE.516830,富国沪深300ESG基准ETF
SHSE.511260,国泰上证10年期国债ETF
SHSE.517400,国泰中证沪深港黄金产业股票ETF
SHSE.562700,华夏中证汽车零部件主题ETF
SHSE.588770,摩根上证科创板新一代信息技术ETF
SHSE.512180,建信MSCI中国A股国际通ETF
SHSE.562880,嘉实中证电池主题ETF
SHSE.516880,银华中证光伏产业ETF
SHSE.560000,浦银安盛中证智能电动汽车ETF
SHSE.516100,华夏中证金融科技主题ETF
SHSE.510980,汇添富上证综合ETF
SHSE.510950,广发上证50ETF
SHSE.511030,平安中高等级公司债利差因子ETF
SHSE.589700,南方上证科创板成长ETF
SHSE.512330,南方中证500信息技术ETF
SHSE.511380,博时可转债ETF
SHSE.512630,广发中证卫星产业ETF
SHSE.516960,国泰中证细分机械设备产业主题ETF
SHSE.512130,鹏华中证全指自由现金流ETF
SHSE.589300,嘉实上证科创板综合ETF
SHSE.560260,广发中证医疗ETF
SHSE.515960,嘉实医药健康100ETF
SHSE.588720,中银上证科创板50ETF
SHSE.515730,永赢中证家居家电ETF
SHSE.516060,工银瑞信中证创新药产业ETF
SHSE.515650,富国中证消费50ETF
SHSE.516650,华夏中证细分有色金属产业主题ETF
SHSE.516020,华宝化工ETF
SHSE.563030,易方达中证500增强策略ETF
SHSE.561910,招商中证电池主题ETF
SHSE.515620,建信中证800ETF
SHSE.510430,银华上证50等权ETF
SHSE.560580,南方中证全指电力公用事业ETF
SHSE.511950,广发添利货币A
SHSE.512060,天弘中证A100ETF
SHSE.513200,易方达中证港股通医药卫生综合ETF
SHSE.516710,华夏中证新材料主题ETF
SHSE.560850,汇添富中证信息技术应用创新产业ETF
SHSE.512260,华安中证500低波ETF
SHSE.560980,广发中证光伏龙头30ETF
SHSE.513870,富国纳斯达克100ETF(QDII)
SHSE.562080,华宝沪深300自由现金流ETF
SHSE.589520,华宝上证科创板人工智能ETF
SHSE.511280,华夏3-5年中高级可质押信用债ETF
SHSE.510580,易方达中证500ETF
SHSE.563770,招商中证全指自由现金流ETF
SHSE.517380,天弘恒生沪深港创新药精选50ETF
SHSE.515830,工银瑞信中证800ETF
SHSE.512810,华宝中证军工ETF
SHSE.515690,鹏华中证高股息龙头ETF
SHSE.563050,易方达中证国新央企科技引领ETF
SHSE.518800,国泰黄金ETF
SHSE.513770,华宝中证港股通互联网ETF
SHSE.516920,汇添富中证芯片产业ETF
SHSE.517160,南方中证长江保护主题ETF
SHSE.589600,富国上证科创板综合价格ETF
SHSE.518680,富国上海金ETF
SHSE.513300,华夏纳斯达克100ETF(QDII)
SHSE.563360,华泰柏瑞中证A500ETF
SHSE.560880,广发中证全指家用电器ETF
SHSE.511900,富国收益宝交易型货币H
SHSE.589200,工银瑞信上证科创板200ETF
SHSE.561220,工银瑞信中证诚通国企数字经济ETF
SHSE.512560,易方达中证军工ETF
SHSE.513320,易方达恒生港股通新经济ETF
SHSE.512100,南方中证1000ETF
SHSE.560170,南方中证国新央企科技引领ETF
SHSE.563080,易方达中证A50ETF
SHSE.562320,银华沪深300价值ETF
SHSE.513730,华泰柏瑞南方东英新交所泛东南亚科技ETF(QDII)
SHSE.563390,华泰柏瑞中证全指自由现金流ETF
SHSE.517390,天弘中证沪港深云计算产业ETF
SHSE.516270,华安中证内地新能源主题ETF
SHSE.516310,易方达中证银行ETF
SHSE.560560,泰康中证内地低碳经济ETF
SHSE.510900,易方达恒生国企(QDII-ETF)
SHSE.516150,嘉实中证稀土产业ETF
SHSE.510880,华泰柏瑞上证红利ETF
SHSE.563210,富国恒生A股专精特新企业ETF
SHSE.561790,博时中证国新央企现代能源ETF
SHSE.510720,国泰上证国有企业红利ETF
SHSE.563700,易方达中证红利价值ETF
SHSE.511100,华夏上证基准做市国债ETF
SHSE.561200,工银中证A100ETF
SHSE.588040,鹏华科创板50ETF
SHSE.588200,嘉实上证科创板芯片ETF
SHSE.515080,招商中证红利ETF
SHSE.560090,汇添富中证全指证券公司ETF
SHSE.560030,汇添富中证800价值ETF
SHSE.512000,华宝中证全指证券公司ETF
SHSE.511290,广发上证10年期国债ETF
SHSE.512570,易方达中证全指证券公司ETF
SHSE.515100,景顺长城中证红利低波动100ETF
SHSE.561130,富国中证新华社民族品牌工程ETF
SHSE.512800,华宝中证银行ETF
SHSE.510440,大成中证500沪市ETF
SHSE.560690,鹏华中证电信主题ETF
SHSE.511090,鹏扬中债-30年期国债ETF
SHSE.511890,景顺长城交易型货币
SHSE.560350,摩根中证A50ETF
SHSE.561680,平安中证A500红利低波动ETF
SHSE.563330,华泰柏瑞中证A股ETF
SHSE.560680,广发中证主要消费ETF
SHSE.560220,广发中证2000ETF
SHSE.516930,民生加银中证生物科技主题ETF
SHSE.560900,摩根中证创新药产业ETF
SHSE.588840,万家上证科创板50成份ETF
SHSE.510270,中银上证国企100ETF
SHSE.515060,华夏中证全指房地产ETF
SHSE.511980,汇添富添富通货币E
SHSE.513070,易方达中证港股通消费主题ETF
SHSE.517850,汇添富中证沪港深张江自主创新50ETF
SHSE.516910,富国中证现代物流ETF
SHSE.511760,德邦现金宝E
SHSE.515590,前海开源中证500等权ETF
SHSE.512950,华夏中证央企ETF
SHSE.561590,华泰柏瑞中证1000增强策略ETF
SHSE.588060,广发上证科创板50成份ETF
SHSE.515350,民生加银沪深300ETF
SHSE.512750,嘉实中证锐联基本面50ETF
SHSE.561800,华富中证稀有金属主题ETF
SHSE.516120,富国中证细分化工产业主题ETF
SHSE.512390,平安MSCI中国A股低波动ETF
SHSE.515260,华宝中证电子50ETF
SHSE.515810,易方达中证800ETF
SHSE.511220,海富通上证城投债ETF
SHSE.563350,华泰柏瑞中证A50ETF
SHSE.561090,华安中证A500增强策略ETF
SHSE.516560,华宝中证养老产业ETF
SHSE.511520,富国中债7-10年政策性金融债ETF
SHSE.589090,鹏华科创板人工智能ETF
SHSE.588690,银华上证科创板综合增强策略ETF
SHSE.561580,华泰柏瑞中证中央企业红利ETF
SHSE.513360,博时全球中国教育(QDII-ETF)
SHSE.513890,摩根恒生科技ETF(QDII)
SHSE.560050,汇添富MSCI中国A50互联互通ETF
SHSE.562300,银华中证内地低碳经济主题ETF
SHSE.588190,银华上证科创板100ETF
SHSE.510170,国联安上证商品ETF
SHSE.513520,华夏野村日经225ETF(QDII)
SHSE.515560,建信中证全指证券公司ETF
SHSE.512550,嘉实富时中国A50ETF
SHSE.516350,易方达中证芯片产业ETF
SHSE.510330,华夏沪深300ETF
SHSE.511010,国泰上证5年期国债ETF
SHSE.512250,招商中证A50ETF
SHSE.516730,浦银安盛中证证券公司30ETF
SHSE.516770,华泰柏瑞中证动漫游戏ETF
SHSE.588960,富国上证科创板新能源ETF
SHSE.512860,华安MSCI中国ETF
SHSE.513900,华安CES港股通精选100ETF
SHSE.562500,华夏中证机器人ETF
SHSE.561150,富国中证500ESG基准ETF
SHSE.512310,南方中证500工业ETF
SHSE.560100,南方中证500增强策略ETF
SHSE.563880,汇添富中证A500ETF
SHSE.513210,易方达恒生ETF(QDII)
SHSE.510320,中金沪深300ETF
SHSE.510190,华安上证50ETF
SHSE.562390,银华中证中药ETF
SHSE.516620,国泰中证影视主题ETF
SHSE.516500,华夏中证生物科技主题ETF
SHSE.560010,广发中证1000ETF
SHSE.516520,华泰柏瑞中证智能汽车主题ETF
SHSE.513700,鹏华中证港股通医药卫生综合交易ETF
SHSE.517330,易方达中证长江保护主题ETF
SHSE.511020,平安5-10年期国债活跃券ETF
SHSE.563010,易方达中证电信主题ETF
SHSE.516570,易方达中证石化产业ETF
SHSE.563900,摩根沪深300自由现金流ETF
SHSE.512270,华安沪深300行业中性低波动ETF
SHSE.561700,博时中证全指电力公用事业ETF
SHSE.516950,银华中证基建ETF
SHSE.561310,国泰中证消费电子主题ETF
SHSE.560590,鹏华中证1000增强策略ETF
SHSE.517770,浦银安盛中证沪港深游戏及文化传媒ETF
SHSE.560620,万家中证全指公用事业ETF
SHSE.560950,汇添富中证500增强策略ETF
SHSE.561510,华泰柏瑞中证中药ETF
SHSE.510710,博时上证50ETF
SHSE.513050,易方达中证海外中国互联网50(QDII-ETF)
SHSE.515450,南方标普中国A股大盘红利低波50ETF
SHSE.560510,泰康中证A500ETF
SHSE.517960,摩根中证沪港深科技100ETF
SHSE.510630,华夏消费ETF
SHSE.562360,银华中证机器人ETF
SHSE.512640,嘉实中证金融地产ETF
SHSE.510360,广发沪深300ETF
SHSE.515390,华安沪深300ETF
SHSE.511230,海富通上证周期产业债ETF
SHSE.512690,鹏华中证酒ETF
SHSE.588330,华宝双创龙头ETF
SHSE.511580,招商中证国债及政策性金融债0-3年ETF
SHSE.589080,汇添富上证科创板综合ETF
SHSE.517080,汇添富中证沪港深500ETF
SHSE.510510,广发中证500ETF
SHSE.588300,招商中证科创创业50ETF
SHSE.560990,中金科技先锋ETF
SHSE.513040,易方达中证港股通互联网ETF
SHSE.515790,华泰柏瑞中证光伏产业ETF
SHSE.562570,华夏中证信息技术应用创新产业ETF
SHSE.510570,兴业中证500ETF
SHSE.513830,嘉实中证港股通高股息投资ETF
SHSE.511190,海富通上证基准做市公司债ETF
SHSE.516670,招商中证畜牧养殖ETF
SHSE.560080,汇添富中证中药ETF
SHSE.563750,汇添富中证500ETF
SHSE.510650,上证金融地产发起式ETF
SHSE.561550,华泰柏瑞中证500增强策略ETF
SHSE.588820,华夏上证科创板200ETF
SHSE.588940,富国上证科创板50成份ETF
SHSE.513160,银华恒生港股通中国科技ETF
SHSE.589880,建信上证科创板综合ETF
SHSE.517520,永赢中证沪深港黄金产业股票ETF
SHSE.517170,华夏中证沪港深500ETF
SHSE.562600,华夏中证全指医疗器械ETF
SHSE.516550,嘉实中证大农业ETF
SHSE.589770,招商上证科创板综合ETF
SHSE.513000,易方达奥明日经225ETF(QDII)
SHSE.589680,鹏华科创板综合ETF
SHSE.511060,海富通上证5年期地方政府债ETF
SHSE.512290,国泰中证生物医药ETF
SHSE.517010,易方达中证沪港深500ETF
SHSE.511070,南方上证基准做市公司债ETF
SHSE.563570,兴业中证金融科技ETF
SHSE.589990,华泰柏瑞上证科创板综合ETF
SHSE.588070,万家上证科创板成长ETF
SHSE.513390,博时纳斯达克100ETF
SHSE.589720,国泰上证科创板创新药ETF
SHSE.563180,银华中证高股息策略ETF
SHSE.562900,易方达中证现代农业主题ETF
SHSE.515700,平安中证新能源汽车产业ETF
SHSE.588120,国泰上证科创板100ETF
SHSE.510860,兴业上证50ETF
SHSE.516780,华泰柏瑞中证稀土产业ETF
SHSE.563760,中银中证全指自由现金流ETF
SHSE.589150,平安上证科创板50成份ETF
SHSE.510160,中证南方小康产业指数ETF
SHSE.561370,国泰中证2000ETF
SHSE.510690,兴业上证180金融ETF
SHSE.589010,华夏上证科创板人工智能ETF
SHSE.562810,嘉实上证综合增强策略ETF
SHSE.562580,华夏中证全指可选消费ETF
SHSE.510660,华夏医药ETF
SHSE.561920,招商中证疫苗与生物技术ETF
SHSE.512320,工银MSCI中国ETF
SHSE.513230,华夏中证港股通消费主题ETF
SHSE.588450,招商上证科创板50成份增强策略ETF
SHSE.516110,国泰中证800汽车与零部件ETF
SHSE.560960,摩根中证碳中和60ETF
SHSE.515980,华富中证人工智能产业ETF
SHSE.513310,华泰柏瑞中韩半导体ETF(QDII)
SHSE.512700,南方中证银行ETF
SHSE.516160,南方中证新能源ETF
SHSE.589550,华夏上证智选科创板价值50策略ETF
SHSE.588280,华安上证科创板50ETF
SHSE.516580,博时中证新能源ETF
SHSE.512990,华夏MSCI中国A股国际通ETF
SHSE.560770,招商中证机器人ETF
SHSE.513380,广发恒生科技(QDII-ETF)
SHSE.512230,景顺长城中证医药卫生ETF
SHSE.588750,汇添富上证科创板芯片ETF
SHSE.563320,华泰柏瑞中证通用航空主题ETF
SHSE.515580,华泰柏瑞中证科技100ETF
SHSE.512910,广发中证A100ETF
SHSE.515380,泰康沪深300ETF
SHSE.516980,华富中证证券公司先锋策略ETF
SHSE.518880,华安黄金易ETF
SHSE.588210,易方达上证科创板100ETF
SHSE.513750,广发中证港股通非银ETF
SHSE.516190,华夏中证文娱传媒ETF
SHSE.588700,嘉实上证科创板生物医药ETF
SHSE.510760,国泰上证综合交易ETF
SHSE.588390,博时中证科创创业50ETF
SHSE.512150,富时中国A50ETF
SHSE.515890,博时中证红利ETF
SHSE.511160,国债ETF东财
SHSE.588730,易方达上证科创板人工智能ETF
SHSE.516090,易方达中证新能源ETF
SHSE.513850,易方达MSCI美国50ETF(QDII)
SHSE.560660,新华中证云计算50ETF
SHSE.563980,鑫元中证800红利低波动ETF
SHSE.588160,南方上证科创板新材料ETF
SHSE.512530,建信沪深300红利ETF
SHSE.562330,银华中证500价值ETF
SHSE.561260,工银瑞信中证国新央企现代能源ETF
SHSE.513780,景顺长城中证港股通创新药ETF
SHSE.510070,民企ETF
SHSE.562520,华夏中证智选1000成长创新策略ETF
SHSE.516380,华宝智能电动汽车ETF
SHSE.589950,富国上证科创板100ETF
SHSE.588310,方正富邦中证科创创业50ETF
SHSE.516460,鹏华中证800自由现金流ETF
SHSE.510810,汇添富中证上海国企ETF
SHSE.516810,华夏中证农业主题ETF
SHSE.510450,上证180高贝塔ETF
SHSE.562800,嘉实中证稀有金属主题ETF
SHSE.562310,银华沪深300成长ETF
SHSE.516660,华安中证新能源汽车ETF
SHSE.516250,富国中证工程机械主题ETF
SHSE.515670,中银中证100ETF
SHSE.510130,易方达上证中盘ETF
SHSE.511110,易方达上证基准做市公司债ETF
SHSE.588420,摩根中证科创创业人工智能ETF
SHSE.512720,国泰中证计算机主题ETF
SHSE.510290,南方上证380ETF
SHSE.512580,广发中证环保ETF
SHSE.588500,易方达上证科创板100增强策略ETF
SHSE.512620,天弘中证农业主题ETF
SHSE.562010,华宝中证绿色能源ETF
SHSE.513650,南方标普500ETF(QDII)
SHSE.588140,广发上证科创200ETF
SHSE.560600,方正富邦中证医药及医疗器械创新ETF
SHSE.561500,华泰柏瑞中证企业核心竞争力50ETF
SHSE.512340,南方中证500原材料指数ETF
SHSE.516080,易方达中证创新药产业ETF
SHSE.560520,大成中证红利低波动100ETF
SHSE.517050,华泰柏瑞中证沪港深互联网ETF
SHSE.510040,鹏华上证180ETF
SHSE.560280,广发中证工程机械主题ETF
SHSE.515200,申万菱信中证研发创新100ETF
SHSE.589630,国泰上证科创板综合ETF
SHSE.561080,华安中证全指自由现金流ETF
SHSE.510260,诺安上证新兴产业ETF
SHSE.511050,兴业上证1-5年期地方政府债ETF
SHSE.511770,金鹰增益货币E
SHSE.513120,广发中证香港创新药(QDII-ETF)
SHSE.512280,景顺长城MSCI中国A股国际通ETF
SHSE.563830,博时中证全指自由现金流ETF
SHSE.510670,华夏上证180ETF
SHSE.515330,天弘沪深300ETF
SHSE.517120,华泰柏瑞中证沪港深创新药产业ETF
SHSE.560550,广发中证上海环交所碳中和ETF
SHSE.589560,汇添富上证科创板人工智能ETF
SHSE.589980,汇添富上证科创板100ETF
SHSE.510050,华夏上证50ETF
SHSE.511880,银华日利A
SHSE.561750,博时中证A50ETF
SHSE.513220,招商中证全球中国互联网ETF(QDII)
SHSE.510590,平安中证500ETF
SHSE.589900,博时科创综指ETF
SHSE.588520,永赢上证科创板综合价格增强策略ETF
SHSE.510010,交银上证180公司治理ETF
SHSE.563990,富国中证800自由现金流ETF
SHSE.588240,鹏华上证科创板200ETF
SHSE.561180,富国中证A100ETF
SHSE.588010,博时上证科创板新材料ETF
SHSE.589850,科创50ETF东财
SHSE.516220,国泰中证细分化工产业主题ETF
SHSE.517300,国寿安保中证沪港深300ETF
SHSE.560570,国联安中证A500红利低波ETF
SHSE.513800,南方顶峰TOPIX(ETF-QDII)
SHSE.510310,易方达沪深300ETF
SHSE.589380,富国上证科创板人工智能ETF
SHSE.563850,广发中证全指食品ETF
SHSE.561120,富国中证全指家用电器ETF
SHSE.515120,广发中证创新药产业ETF
SHSE.510600,申万菱信上证50ETF
SHSE.561960,招商中证国新央企股东回报ETF
SHSE.512900,南方中证全指证券公司ETF
SHSE.512200,南方中证房地产ETF
SHSE.516590,易方达中证智能电动汽车ETF
SHSE.517760,浦银安盛中证沪港深消费龙头ETF
SHSE.588460,鹏华上证科创板50成份增强策略ETF
SHSE.563230,富国中证卫星产业ETF
SHSE.588430,工银瑞信中证科创创业人工智能ETF
SHSE.516850,华夏中证新能源ETF
SHSE.512770,华夏战略新兴成指ETF
SHSE.561710,博时中证疫苗与生物技术ETF
SHSE.513090,易方达中证香港证券投资主题ETF
SHSE.517000,银华中证沪港深500ETF
SHSE.516300,华泰柏瑞中证1000ETF
SHSE.518660,工银瑞信黄金ETF
SHSE.512160,南方MSCI中国A股国际通ETF
SHSE.589220,国泰上证科创板200ETF
SHSE.516070,易方达中证内地低碳经济主题ETF
SHSE.515780,浦银安盛MSCI中国A股ETF
SHSE.562850,嘉实中证国新央企现代能源ETF
SHSE.511970,国寿安保货币E
SHSE.560780,广发中证半导体材料设备主题ETF
SHSE.563890,创金合信中证国有企业红利ETF
SHSE.561950,招商中证500增强策略ETF
SHSE.511270,海富通上证10年期地方政府债ETF
SHSE.513820,汇添富中证港股通高股息投资ETF
SHSE.563960,兴全沪深300质量ETF
SHSE.560800,鹏扬中证数字经济主题ETF
SHSE.511130,博时上证30年期国债ETF
SHSE.560380,南方中证A100ETF
SHSE.562030,华宝中证信息技术应用创新产业ETF
SHSE.511180,海富通上证投资级可转债ETF
SHSE.560060,汇添富中证上海环交所碳中和ETF
SHSE.512980,广发中证传媒ETF
SHSE.563300,华泰柏瑞中证2000ETF
SHSE.510380,国寿安保沪深300ETF
SHSE.510200,汇安上证证券ETF
SHSE.589820,建信上证科创板200ETF
SHSE.563060,易方达中证国资央企50ETF
SHSE.563800,广发中证A500ETF
SHSE.512220,景顺长城中证科技传媒通信150ETF
SHSE.588710,华泰柏瑞上证科创板半导体材料设备主题ETF
SHSE.515370,华夏中证光伏产业ETF
SHSE.588050,工银瑞信上证科创板50成份ETF
SHSE.510850,工银瑞信上证50ETF
SHSE.588080,易方达上证科创板50ETF
SHSE.561330,国泰中证有色金属矿业主题ETF
SHSE.515950,富国中证医药50ETF
SHSE.517200,嘉实中证沪港深互联网ETF
SHSE.515290,天弘中证银行ETF
SHSE.513720,国泰中证港股通互联网ETF
SHSE.515090,博时可持续发展100ETF
SHSE.560150,泰康中证红利低波动ETF
SHSE.512170,华宝中证医疗ETF
SHSE.516400,富国中证ESG120策略ETF
SHSE.511850,招商财富宝交易型货币E
SHSE.512400,南方中证申万有色金属ETF
SHSE.588090,华泰柏瑞上证科创板50成份ETF
SHSE.562960,易方达中证绿色电力ETF
SHSE.588860,工银瑞信上证科创板生物医药ETF
SHSE.562000,华宝中证A100ETF
SHSE.515250,富国中证智能汽车主题ETF
SHSE.516860,博时金融科技ETF
SHSE.563860,海富通中证A500ETF
SHSE.512680,广发中证军工ETF
SHSE.517270,浦银安盛中证沪港深科技龙头ETF
SHSE.515990,添富中证国企一带一路ETF
SHSE.512050,华夏中证A500ETF
SHSE.515280,富国中证银行ETF
SHSE.588380,富国中证科创创业50ETF
SHSE.517900,招商中证银行AH价格优选ETF
SHSE.510390,平安沪深300ETF
SHSE.512030,易方达中证A50增强策略ETF
SHSE.588890,南方上证科创板芯片ETF
SHSE.517280,天弘中证沪港深线上消费主题ETF
SHSE.513030,华安德国(DAX)ETF(QDII)
SHSE.511800,易方达货币E
SHSE.562820,嘉实中证全指集成电路ETF
SHSE.513180,华夏恒生科技ETF(QDII)
SHSE.563150,银华中证油气资源ETF
SHSE.516760,平安中证畜牧养殖ETF
SHSE.516290,汇添富中证光伏产业ETF
SHSE.513580,华安恒生科技(QDII-ETF)
SHSE.518890,中银上海金ETF
SHSE.516050,工银中证科技龙头ETF
SHSE.515760,华夏中证浙江国资创新发展ETF
SHSE.512880,国泰中证全指证券公司ETF
SHSE.510180,华安上证180ETF
SHSE.515720,富国中证金融科技主题ETF
SHSE.562050,华宝中证制药ETF
SHSE.560750,申万菱信中证A500ETF
SHSE.511960,嘉实快线货币H
SHSE.510700,长盛上证市值百强ETF
SHSE.512600,嘉实中证主要消费ETF
SHSE.562260,海富通中证汽车零部件主题ETF
SHSE.510420,景顺长城上证180等权ETF
SHSE.510220,华泰柏瑞上证中小盘ETF
SHSE.563590,国寿安保中证A500红利低波动ETF
SHSE.510680,万家上证50ETF
SHSE.563280,富国MSCI中国A50互联互通增强策略ETF
SHSE.563630,国联安中证A500增强ETF
SHSE.515660,国联安沪深300ETF
SHSE.516260,华夏中证物联网主题ETF
SHSE.516720,浦银安盛中证ESG120策略ETF
SHSE.560890,新华中证红利低波动ETF
SHSE.563780,方正富邦中证全指自由现金流ETF
SHSE.515050,华夏中证5G通信主题ETF
SHSE.510370,兴业沪深300ETF
SHSE.562510,华夏中证旅游主题ETF
SHSE.515850,富国中证全指证券公司ETF
SHSE.515360,方正富邦沪深300ETF
SHSE.512760,国泰CES芯片ETF
SHSE.516750,富国中证全指建筑材料ETF
SHSE.511120,广发上证AAA科技创新公司债ETF
SHSE.588020,易方达上证科创板成长ETF
SHSE.563090,易方达上证50增强策略ETF
SHSE.511680,安信保证金交易型货币
SHSE.511660,建信现金添益货币H
SHSE.511620,国泰瞬利货币A
SHSE.512850,中信建投北京50ETF
SHSE.513550,华泰柏瑞中证港股通50ETF
SHSE.515230,国泰中证全指软件ETF
SHSE.562060,华宝标普中国A股红利机会ETF
SHSE.511930,国联日盈A
SHSE.517660,天弘中证沪港深物联网主题ETF
SHSE.515070,华夏中证人工智能主题ETF
SHSE.560820,新华中证A50ETF
SHSE.510210,上证综指ETF
SHSE.513330,华夏恒生互联网科技业ETF(QDII)
SHSE.511360,海富通中证短融ETF
SHSE.561360,国泰中证油气产业ETF
SHSE.513500,博时标普500ETF(QDII)
SHSE.589060,东财上证科创板综合价格ETF
SHSE.517180,南方富时中国国企开放共赢ETF
SHSE.588550,易方达上证科创板综合增强策略ETF
SHSE.516890,平安中证新材料主题ETF
SHSE.589020,鹏华科创板半导体材料设备主题ETF
SHSE.588920,鹏华上证科创板芯片ETF
SHSE.588150,南方上证科创板50成份ETF
SHSE.513600,南方恒指ETF
SHSE.563670,鹏华中证金融科技主题ETF
SHSE.588930,银华上证科创板人工智能ETF
SHSE.512040,富国中证价值ETF
SHSE.516130,华宝中证消费龙头ETF
SHSE.562530,华夏中证智选1000价值稳健策略ETF
SHSE.513950,富国恒生港股通高股息低波动ETF(QDII)
SHSE.513690,博时恒生高股息ETF
SHSE.563380,华泰柏瑞航空航天ETF
SHSE.510060,工银上证央企ETF
SHSE.513010,易方达恒生科技ETF(QDII)
SHSE.562870,嘉实中证全指证券公司ETF
SHSE.516820,平安中证医药及医疗器械创新ETF
SHSE.516900,华安中证申万食品饮料ETF
SHSE.512190,浙商汇金中证浙江凤凰行动50ETF
SHSE.515160,招商MSCI中国A股国际通ETF
SHSE.510100,易方达上证50ETF
SHSE.513130,华泰柏瑞南方东英恒生科技(QDII-ETF)
SHSE.588800,华夏上证科创板100ETF
SHSE.510280,华宝上证180成长ETF
SHSE.515530,泰康中证500ETF
SHSE.515310,添富沪深300ETF
SHSE.517360,华安中证沪港深科技100ETF
SHSE.515880,国泰中证全指通信设备ETF
SHSE.513530,华泰柏瑞中证港股通高股息投资ETF(QDII)
SHSE.560180,南方沪深300ESG基准ETF
SHSE.513290,汇添富纳斯达克生物科技ETF
SHSE.516360,华宝新材料ETF
SHSE.560810,融通中证诚通央企ESGETF
SHSE.511910,融通易支付货币E
SHSE.515800,添富中证800ETF
SHSE.560070,汇添富中证国新央企股东回报ETF
SHSE.513560,兴银中证港股通科技ETF
SHSE.588850,嘉实上证科创板工业机械ETF
SHSE.513190,华夏中证港股通内地金融ETF
SHSE.588290,华安上证科创板芯片ETF
SHSE.516510,易方达中证云计算与大数据主题ETF
SHSE.561660,平安中证通用航空主题ETF
SHSE.513060,博时恒生医疗保健(QDII-ETF)
SHSE.512110,华安中证细分地产ETF
SHSE.588400,嘉实中证科创创业50ETF
SHSE.561160,富国中证电池主题ETF
SHSE.588910,建信上证智选科创板创新价值ETF
SHSE.517500,国泰中证沪港深动漫游戏ETF
SHSE.589780,富国上证科创板200ETF
SHSE.563580,万家中证800自由现金流ETF
SHSE.561980,招商中证半导体产业ETF
SHSE.513150,华泰柏瑞中证港股通科技ETF
SHSE.589100,国泰上证科创板芯片ETF
SHSE.560110,汇添富中证1000ETF
SHSE.562950,易方达中证消费电子主题ETF
SHSE.562660,华夏中证2000ETF
SHSE.512380,银华MSCI中国A股ETF
SHSE.513860,海富通中证港股通科技ETF
SHSE.588030,博时上证科创板100ETF
SHSE.516690,银华中证细分化工产业主题ETF
SHSE.510770,申万菱信上证G60战略新兴产业成份ETF
SHSE.561930,招商沪深300ETF
SHSE.562340,银华中证500质量成长ETF
SHSE.560500,鹏扬中证500质量成长ETF
SHSE.562930,易方达中证软件服务ETF
SHSE.515550,国联中证500ETF
SHSE.588870,汇添富上证科创板50成份ETF
SHSE.561770,博时中证A100ETF
SHSE.512300,南方中证500医药卫生ETF
SHSE.561230,工银瑞信中证A50ETF
SHSE.512870,南华中证杭州湾区ETF
SHSE.561280,工银中证1000增强策略ETF
SHSE.512670,鹏华中证国防ETF
SHSE.515910,中金MSCI中国A股国际质量ETF
SHSE.512080,中金中证A500ETF
SHSE.588810,富国上证科创板芯片ETF
SHSE.517110,国泰中证沪港深创新药产业ETF
SHSE.563690,永赢中证红利低波ETF
SHSE.512890,华泰柏瑞中证红利低波ETF
SHSE.512090,易方达MSCI中国A股国际通ETF
SHSE.518600,广发上海金ETF
SHSE.560530,摩根中证A500ETF
SHSE.518850,华夏黄金ETF
SHSE.513280,汇添富恒生生物科技ETF(QDII)
SHSE.511810,南方理财金交易型货币H
SHSE.510020,博时上证超大盘ETF
SHSE.510150,招商上证消费80ETF
